part_id,sequence_id,category,notes
SPS-16088,475,incomplete_ptp_core_fields,Missing ActivationTarget; Missing IncreasingLowerLimit; Missing IncreasingUpperLimit; Missing DecreasingLowerLimit; Missing DecreasingUpperLimit; Missing ResetBandLowerLimit; Missing ResetBandUpperLimit; Missing TargetActivationDirection; Missing UnitsOfMeasure; Missing CommonTerminal; Missing NormallyOpenTerminal; Missing NormallyClosedTerminal; CommonTerminal must be a number; NormallyOpenTerminal must be a number; NormallyClosedTerminal must be a number
SPS-16089,475,incomplete_ptp_core_fields,Missing ActivationTarget; Missing IncreasingLowerLimit; Missing IncreasingUpperLimit; Missing DecreasingLowerLimit; Missing DecreasingUpperLimit; Missing ResetBandLowerLimit; Missing ResetBandUpperLimit; Missing TargetActivationDirection; Missing UnitsOfMeasure; Missing CommonTerminal; Missing NormallyOpenTerminal; Missing NormallyClosedTerminal; CommonTerminal must be a number; NormallyOpenTerminal must be a number; NormallyClosedTerminal must be a number
SPS-16096,475,incomplete_ptp_core_fields,Missing ActivationTarget; Missing IncreasingLowerLimit; Missing IncreasingUpperLimit; Missing DecreasingLowerLimit; Missing DecreasingUpperLimit; Missing ResetBandLowerLimit; Missing ResetBandUpperLimit; Missing TargetActivationDirection; Missing UnitsOfMeasure; Missing CommonTerminal; Missing NormallyOpenTerminal; Missing NormallyClosedTerminal; CommonTerminal must be a number; NormallyOpenTerminal must be a number; NormallyClosedTerminal must be a number
SPS-16097,475,incomplete_ptp_core_fields,Missing ActivationTarget; Missing IncreasingLowerLimit; Missing IncreasingUpperLimit; Missing DecreasingLowerLimit; Missing DecreasingUpperLimit; Missing ResetBandLowerLimit; Missing ResetBandUpperLimit; Missing TargetActivationDirection; Missing UnitsOfMeasure; Missing CommonTerminal; Missing NormallyOpenTerminal; Missing NormallyClosedTerminal; CommonTerminal must be a number; NormallyOpenTerminal must be a number; NormallyClosedTerminal must be a number
SPS-17122,300,terminals_not_observable_on_single_sense_stand,"port_a: PTP NO/NC terminals are not observable on this stand (COM=5, NO=4, NC=6, sensed=[3]); port_b: PTP NO/NC terminals are not observable on this stand (COM=5, NO=4, NC=6, sensed=[3])"
SPS-17122,475,incomplete_ptp_core_fields,Missing ActivationTarget; Missing IncreasingLowerLimit; Missing IncreasingUpperLimit; Missing DecreasingLowerLimit; Missing DecreasingUpperLimit; Missing ResetBandLowerLimit; Missing ResetBandUpperLimit; Missing TargetActivationDirection; Missing UnitsOfMeasure; Missing CommonTerminal; Missing NormallyOpenTerminal; Missing NormallyClosedTerminal; CommonTerminal must be a number; NormallyOpenTerminal must be a number; NormallyClosedTerminal must be a number
SPS-17122,600,terminals_not_observable_on_single_sense_stand,"port_a: PTP NO/NC terminals are not observable on this stand (COM=5, NO=6, NC=4, sensed=[3]); port_b: PTP NO/NC terminals are not observable on this stand (COM=5, NO=6, NC=4, sensed=[3])"
SPS-17123,475,incomplete_ptp_core_fields,Missing ActivationTarget; Missing IncreasingLowerLimit; Missing IncreasingUpperLimit; Missing DecreasingLowerLimit; Missing DecreasingUpperLimit; Missing ResetBandLowerLimit; Missing ResetBandUpperLimit; Missing TargetActivationDirection; Missing UnitsOfMeasure; Missing CommonTerminal; Missing NormallyOpenTerminal; Missing NormallyClosedTerminal; CommonTerminal must be a number; NormallyOpenTerminal must be a number; NormallyClosedTerminal must be a number
SPS01414-03,625,incomplete_ptp_core_fields,Missing ActivationTarget; Missing IncreasingLowerLimit; Missing IncreasingUpperLimit; Missing DecreasingLowerLimit; Missing DecreasingUpperLimit; Missing ResetBandLowerLimit; Missing ResetBandUpperLimit; Missing TargetActivationDirection; Missing CommonTerminal; Missing NormallyOpenTerminal; Missing NormallyClosedTerminal; UnitsOfMeasure 'PSI' is not mapped; CommonTerminal must be a number; NormallyOpenTerminal must be a number; NormallyClosedTerminal must be a number
SPS01429-02,450,incomplete_ptp_core_fields,Missing ActivationTarget; Missing IncreasingLowerLimit; Missing IncreasingUpperLimit; Missing DecreasingLowerLimit; Missing DecreasingUpperLimit; Missing ResetBandLowerLimit; Missing ResetBandUpperLimit; Missing TargetActivationDirection; Missing UnitsOfMeasure; Missing CommonTerminal; Missing NormallyOpenTerminal; Missing NormallyClosedTerminal; CommonTerminal must be a number; NormallyOpenTerminal must be a number; NormallyClosedTerminal must be a number
SPS01429-02,475,incomplete_ptp_core_fields,Missing ActivationTarget; Missing IncreasingLowerLimit; Missing IncreasingUpperLimit; Missing DecreasingLowerLimit; Missing DecreasingUpperLimit; Missing ResetBandLowerLimit; Missing ResetBandUpperLimit; Missing TargetActivationDirection; Missing UnitsOfMeasure; Missing CommonTerminal; Missing NormallyOpenTerminal; Missing NormallyClosedTerminal; CommonTerminal must be a number; NormallyOpenTerminal must be a number; NormallyClosedTerminal must be a number
SPS01438-02,475,incomplete_ptp_core_fields,Missing ActivationTarget; Missing IncreasingLowerLimit; Missing IncreasingUpperLimit; Missing DecreasingLowerLimit; Missing DecreasingUpperLimit; Missing ResetBandLowerLimit; Missing ResetBandUpperLimit; Missing TargetActivationDirection; Missing UnitsOfMeasure; Missing CommonTerminal; Missing NormallyOpenTerminal; Missing NormallyClosedTerminal; CommonTerminal must be a number; NormallyOpenTerminal must be a number; NormallyClosedTerminal must be a number
SPS01439-02,475,incomplete_ptp_core_fields,Missing ActivationTarget; Missing IncreasingLowerLimit; Missing IncreasingUpperLimit; Missing DecreasingLowerLimit; Missing DecreasingUpperLimit; Missing ResetBandLowerLimit; Missing ResetBandUpperLimit; Missing TargetActivationDirection; Missing UnitsOfMeasure; Missing CommonTerminal; Missing NormallyOpenTerminal; Missing NormallyClosedTerminal; CommonTerminal must be a number; NormallyOpenTerminal must be a number; NormallyClosedTerminal must be a number
SPS01456-02,475,incomplete_ptp_core_fields,Missing ActivationTarget; Missing IncreasingLowerLimit; Missing IncreasingUpperLimit; Missing DecreasingLowerLimit; Missing DecreasingUpperLimit; Missing ResetBandLowerLimit; Missing ResetBandUpperLimit; Missing TargetActivationDirection; Missing UnitsOfMeasure; Missing CommonTerminal; Missing NormallyOpenTerminal; Missing NormallyClosedTerminal; CommonTerminal must be a number; NormallyOpenTerminal must be a number; NormallyClosedTerminal must be a number
SPS01494-03,625,incomplete_ptp_core_fields,Missing ActivationTarget; Missing IncreasingLowerLimit; Missing IncreasingUpperLimit; Missing DecreasingLowerLimit; Missing DecreasingUpperLimit; Missing ResetBandLowerLimit; Missing ResetBandUpperLimit; Missing TargetActivationDirection; Missing CommonTerminal; Missing NormallyOpenTerminal; Missing NormallyClosedTerminal; UnitsOfMeasure 'PSI' is not mapped; CommonTerminal must be a number; NormallyOpenTerminal must be a number; NormallyClosedTerminal must be a number
SPS01495-02,475,incomplete_ptp_core_fields,Missing ActivationTarget; Missing IncreasingLowerLimit; Missing IncreasingUpperLimit; Missing DecreasingLowerLimit; Missing DecreasingUpperLimit; Missing ResetBandLowerLimit; Missing ResetBandUpperLimit; Missing TargetActivationDirection; Missing UnitsOfMeasure; Missing CommonTerminal; Missing NormallyOpenTerminal; Missing NormallyClosedTerminal; CommonTerminal must be a number; NormallyOpenTerminal must be a number; NormallyClosedTerminal must be a number
SPS01496-02,475,incomplete_ptp_core_fields,Missing ActivationTarget; Missing IncreasingLowerLimit; Missing IncreasingUpperLimit; Missing DecreasingLowerLimit; Missing DecreasingUpperLimit; Missing ResetBandLowerLimit; Missing ResetBandUpperLimit; Missing TargetActivationDirection; Missing UnitsOfMeasure; Missing CommonTerminal; Missing NormallyOpenTerminal; Missing NormallyClosedTerminal; CommonTerminal must be a number; NormallyOpenTerminal must be a number; NormallyClosedTerminal must be a number
SPS01510-03,600,invalid_activation_direction,TargetActivationDirection must be Increasing or Decreasing
SPS01516-02,300,missing_activation_or_direction,Missing ActivationTarget; Missing TargetActivationDirection
SPS01516-02,475,incomplete_ptp_core_fields,Missing ActivationTarget; Missing IncreasingLowerLimit; Missing IncreasingUpperLimit; Missing DecreasingLowerLimit; Missing DecreasingUpperLimit; Missing ResetBandLowerLimit; Missing ResetBandUpperLimit; Missing TargetActivationDirection; Missing UnitsOfMeasure; Missing CommonTerminal; Missing NormallyOpenTerminal; Missing NormallyClosedTerminal; CommonTerminal must be a number; NormallyOpenTerminal must be a number; NormallyClosedTerminal must be a number
SPS01516-02,600,missing_activation_or_direction,Missing ActivationTarget; Missing TargetActivationDirection
SPS01523-03,475,incomplete_ptp_core_fields,Missing ActivationTarget; Missing IncreasingLowerLimit; Missing IncreasingUpperLimit; Missing DecreasingLowerLimit; Missing DecreasingUpperLimit; Missing ResetBandLowerLimit; Missing ResetBandUpperLimit; Missing TargetActivationDirection; Missing UnitsOfMeasure; Missing CommonTerminal; Missing NormallyOpenTerminal; Missing NormallyClosedTerminal; CommonTerminal must be a number; NormallyOpenTerminal must be a number; NormallyClosedTerminal must be a number
SPS01526-03,300,invalid_no_nc_same_terminal,port_a: NormallyOpenTerminal and NormallyClosedTerminal must be different; port_b: NormallyOpenTerminal and NormallyClosedTerminal must be different
SPS01526-03,475,incomplete_ptp_core_fields,Missing ActivationTarget; Missing IncreasingLowerLimit; Missing IncreasingUpperLimit; Missing DecreasingLowerLimit; Missing DecreasingUpperLimit; Missing ResetBandLowerLimit; Missing ResetBandUpperLimit; Missing TargetActivationDirection; Missing UnitsOfMeasure; Missing CommonTerminal; Missing NormallyOpenTerminal; Missing NormallyClosedTerminal; CommonTerminal must be a number; NormallyOpenTerminal must be a number; NormallyClosedTerminal must be a number
SPS01533-02,475,incomplete_ptp_core_fields,Missing ActivationTarget; Missing IncreasingLowerLimit; Missing IncreasingUpperLimit; Missing DecreasingLowerLimit; Missing DecreasingUpperLimit; Missing ResetBandLowerLimit; Missing ResetBandUpperLimit; Missing TargetActivationDirection; Missing UnitsOfMeasure; Missing CommonTerminal; Missing NormallyOpenTerminal; Missing NormallyClosedTerminal; CommonTerminal must be a number; NormallyOpenTerminal must be a number; NormallyClosedTerminal must be a number
SPS01533-03,300,invalid_no_nc_same_terminal,port_a: NormallyOpenTerminal and NormallyClosedTerminal must be different; port_b: NormallyOpenTerminal and NormallyClosedTerminal must be different
SPS01533-03,475,incomplete_ptp_core_fields,Missing ActivationTarget; Missing IncreasingLowerLimit; Missing IncreasingUpperLimit; Missing DecreasingLowerLimit; Missing DecreasingUpperLimit; Missing ResetBandLowerLimit; Missing ResetBandUpperLimit; Missing TargetActivationDirection; Missing UnitsOfMeasure; Missing CommonTerminal; Missing NormallyOpenTerminal; Missing NormallyClosedTerminal; CommonTerminal must be a number; NormallyOpenTerminal must be a number; NormallyClosedTerminal must be a number
SPS01539-03,300,invalid_no_nc_same_terminal,port_a: NormallyOpenTerminal and NormallyClosedTerminal must be different; port_b: NormallyOpenTerminal and NormallyClosedTerminal must be different
SPS01544-02,475,incomplete_ptp_core_fields,Missing ActivationTarget; Missing IncreasingLowerLimit; Missing IncreasingUpperLimit; Missing DecreasingLowerLimit; Missing DecreasingUpperLimit; Missing ResetBandLowerLimit; Missing ResetBandUpperLimit; Missing TargetActivationDirection; Missing UnitsOfMeasure; Missing CommonTerminal; Missing NormallyOpenTerminal; Missing NormallyClosedTerminal; CommonTerminal must be a number; NormallyOpenTerminal must be a number; NormallyClosedTerminal must be a number
SPS01553-02,475,incomplete_ptp_core_fields,Missing ActivationTarget; Missing IncreasingLowerLimit; Missing IncreasingUpperLimit; Missing DecreasingLowerLimit; Missing DecreasingUpperLimit; Missing ResetBandLowerLimit; Missing ResetBandUpperLimit; Missing TargetActivationDirection; Missing UnitsOfMeasure; Missing CommonTerminal; Missing NormallyOpenTerminal; Missing NormallyClosedTerminal; CommonTerminal must be a number; NormallyOpenTerminal must be a number; NormallyClosedTerminal must be a number
SPS01564-02,475,incomplete_ptp_core_fields,Missing ActivationTarget; Missing IncreasingLowerLimit; Missing IncreasingUpperLimit; Missing DecreasingLowerLimit; Missing DecreasingUpperLimit; Missing ResetBandLowerLimit; Missing ResetBandUpperLimit; Missing TargetActivationDirection; Missing UnitsOfMeasure; Missing CommonTerminal; Missing NormallyOpenTerminal; Missing NormallyClosedTerminal; CommonTerminal must be a number; NormallyOpenTerminal must be a number; NormallyClosedTerminal must be a number
SPS01568-02,475,incomplete_ptp_core_fields,Missing ActivationTarget; Missing IncreasingLowerLimit; Missing IncreasingUpperLimit; Missing DecreasingLowerLimit; Missing DecreasingUpperLimit; Missing ResetBandLowerLimit; Missing ResetBandUpperLimit; Missing TargetActivationDirection; Missing UnitsOfMeasure; Missing CommonTerminal; Missing NormallyOpenTerminal; Missing NormallyClosedTerminal; CommonTerminal must be a number; NormallyOpenTerminal must be a number; NormallyClosedTerminal must be a number
SPS01579-02,475,incomplete_ptp_core_fields,Missing ActivationTarget; Missing IncreasingLowerLimit; Missing IncreasingUpperLimit; Missing DecreasingLowerLimit; Missing DecreasingUpperLimit; Missing ResetBandLowerLimit; Missing ResetBandUpperLimit; Missing TargetActivationDirection; Missing UnitsOfMeasure; Missing CommonTerminal; Missing NormallyOpenTerminal; Missing NormallyClosedTerminal; CommonTerminal must be a number; NormallyOpenTerminal must be a number; NormallyClosedTerminal must be a number
SPS01582-03,475,incomplete_ptp_core_fields,Missing ActivationTarget; Missing IncreasingLowerLimit; Missing IncreasingUpperLimit; Missing DecreasingLowerLimit; Missing DecreasingUpperLimit; Missing ResetBandLowerLimit; Missing ResetBandUpperLimit; Missing TargetActivationDirection; Missing UnitsOfMeasure; Missing CommonTerminal; Missing NormallyOpenTerminal; Missing NormallyClosedTerminal; CommonTerminal must be a number; NormallyOpenTerminal must be a number; NormallyClosedTerminal must be a number
SPS01583-02,475,incomplete_ptp_core_fields,Missing ActivationTarget; Missing IncreasingLowerLimit; Missing IncreasingUpperLimit; Missing DecreasingLowerLimit; Missing DecreasingUpperLimit; Missing ResetBandLowerLimit; Missing ResetBandUpperLimit; Missing TargetActivationDirection; Missing UnitsOfMeasure; Missing CommonTerminal; Missing NormallyOpenTerminal; Missing NormallyClosedTerminal; CommonTerminal must be a number; NormallyOpenTerminal must be a number; NormallyClosedTerminal must be a number
SPS01586-03,475,incomplete_ptp_core_fields,Missing ActivationTarget; Missing IncreasingLowerLimit; Missing IncreasingUpperLimit; Missing DecreasingLowerLimit; Missing DecreasingUpperLimit; Missing ResetBandLowerLimit; Missing ResetBandUpperLimit; Missing TargetActivationDirection; Missing UnitsOfMeasure; Missing CommonTerminal; Missing NormallyOpenTerminal; Missing NormallyClosedTerminal; CommonTerminal must be a number; NormallyOpenTerminal must be a number; NormallyClosedTerminal must be a number
SPS01617-02,475,incomplete_ptp_core_fields,Missing ActivationTarget; Missing IncreasingLowerLimit; Missing IncreasingUpperLimit; Missing DecreasingLowerLimit; Missing DecreasingUpperLimit; Missing ResetBandLowerLimit; Missing ResetBandUpperLimit; Missing TargetActivationDirection; Missing UnitsOfMeasure; Missing CommonTerminal; Missing NormallyOpenTerminal; Missing NormallyClosedTerminal; CommonTerminal must be a number; NormallyOpenTerminal must be a number; NormallyClosedTerminal must be a number
SPS01619-02,475,incomplete_ptp_core_fields,Missing ActivationTarget; Missing IncreasingLowerLimit; Missing IncreasingUpperLimit; Missing DecreasingLowerLimit; Missing DecreasingUpperLimit; Missing ResetBandLowerLimit; Missing ResetBandUpperLimit; Missing TargetActivationDirection; Missing UnitsOfMeasure; Missing CommonTerminal; Missing NormallyOpenTerminal; Missing NormallyClosedTerminal; CommonTerminal must be a number; NormallyOpenTerminal must be a number; NormallyClosedTerminal must be a number
SPS01621-02,475,incomplete_ptp_core_fields,Missing ActivationTarget; Missing IncreasingLowerLimit; Missing IncreasingUpperLimit; Missing DecreasingLowerLimit; Missing DecreasingUpperLimit; Missing ResetBandLowerLimit; Missing ResetBandUpperLimit; Missing TargetActivationDirection; Missing UnitsOfMeasure; Missing CommonTerminal; Missing NormallyOpenTerminal; Missing NormallyClosedTerminal; CommonTerminal must be a number; NormallyOpenTerminal must be a number; NormallyClosedTerminal must be a number
SPS01627-02,475,incomplete_ptp_core_fields,Missing ActivationTarget; Missing IncreasingLowerLimit; Missing IncreasingUpperLimit; Missing DecreasingLowerLimit; Missing DecreasingUpperLimit; Missing ResetBandLowerLimit; Missing ResetBandUpperLimit; Missing TargetActivationDirection; Missing UnitsOfMeasure; Missing CommonTerminal; Missing NormallyOpenTerminal; Missing NormallyClosedTerminal; CommonTerminal must be a number; NormallyOpenTerminal must be a number; NormallyClosedTerminal must be a number
SPS01632-02,475,incomplete_ptp_core_fields,Missing ActivationTarget; Missing IncreasingLowerLimit; Missing IncreasingUpperLimit; Missing DecreasingLowerLimit; Missing DecreasingUpperLimit; Missing ResetBandLowerLimit; Missing ResetBandUpperLimit; Missing TargetActivationDirection; Missing UnitsOfMeasure; Missing CommonTerminal; Missing NormallyOpenTerminal; Missing NormallyClosedTerminal; CommonTerminal must be a number; NormallyOpenTerminal must be a number; NormallyClosedTerminal must be a number
SPS01640-02,475,incomplete_ptp_core_fields,Missing ActivationTarget; Missing IncreasingLowerLimit; Missing IncreasingUpperLimit; Missing DecreasingLowerLimit; Missing DecreasingUpperLimit; Missing ResetBandLowerLimit; Missing ResetBandUpperLimit; Missing TargetActivationDirection; Missing UnitsOfMeasure; Missing CommonTerminal; Missing NormallyOpenTerminal; Missing NormallyClosedTerminal; CommonTerminal must be a number; NormallyOpenTerminal must be a number; NormallyClosedTerminal must be a number
SPS01643-02,475,incomplete_ptp_core_fields,Missing ActivationTarget; Missing IncreasingLowerLimit; Missing IncreasingUpperLimit; Missing DecreasingLowerLimit; Missing DecreasingUpperLimit; Missing ResetBandLowerLimit; Missing ResetBandUpperLimit; Missing TargetActivationDirection; Missing UnitsOfMeasure; Missing CommonTerminal; Missing NormallyOpenTerminal; Missing NormallyClosedTerminal; CommonTerminal must be a number; NormallyOpenTerminal must be a number; NormallyClosedTerminal must be a number
SPS01645-02,475,incomplete_ptp_core_fields,Missing ActivationTarget; Missing IncreasingLowerLimit; Missing IncreasingUpperLimit; Missing DecreasingLowerLimit; Missing DecreasingUpperLimit; Missing ResetBandLowerLimit; Missing ResetBandUpperLimit; Missing TargetActivationDirection; Missing UnitsOfMeasure; Missing CommonTerminal; Missing NormallyOpenTerminal; Missing NormallyClosedTerminal; CommonTerminal must be a number; NormallyOpenTerminal must be a number; NormallyClosedTerminal must be a number
SPS01651-03,475,incomplete_ptp_core_fields,Missing ActivationTarget; Missing IncreasingLowerLimit; Missing IncreasingUpperLimit; Missing DecreasingLowerLimit; Missing DecreasingUpperLimit; Missing ResetBandLowerLimit; Missing ResetBandUpperLimit; Missing TargetActivationDirection; Missing UnitsOfMeasure; Missing CommonTerminal; Missing NormallyOpenTerminal; Missing NormallyClosedTerminal; CommonTerminal must be a number; NormallyOpenTerminal must be a number; NormallyClosedTerminal must be a number
SPS01658-02,475,incomplete_ptp_core_fields,Missing ActivationTarget; Missing IncreasingLowerLimit; Missing IncreasingUpperLimit; Missing DecreasingLowerLimit; Missing DecreasingUpperLimit; Missing ResetBandLowerLimit; Missing ResetBandUpperLimit; Missing TargetActivationDirection; Missing UnitsOfMeasure; Missing CommonTerminal; Missing NormallyOpenTerminal; Missing NormallyClosedTerminal; CommonTerminal must be a number; NormallyOpenTerminal must be a number; NormallyClosedTerminal must be a number
SPS01658-03,475,incomplete_ptp_core_fields,Missing ActivationTarget; Missing IncreasingLowerLimit; Missing IncreasingUpperLimit; Missing DecreasingLowerLimit; Missing DecreasingUpperLimit; Missing ResetBandLowerLimit; Missing ResetBandUpperLimit; Missing TargetActivationDirection; Missing UnitsOfMeasure; Missing CommonTerminal; Missing NormallyOpenTerminal; Missing NormallyClosedTerminal; CommonTerminal must be a number; NormallyOpenTerminal must be a number; NormallyClosedTerminal must be a number
SPS01660-02,475,incomplete_ptp_core_fields,Missing ActivationTarget; Missing IncreasingLowerLimit; Missing IncreasingUpperLimit; Missing DecreasingLowerLimit; Missing DecreasingUpperLimit; Missing ResetBandLowerLimit; Missing ResetBandUpperLimit; Missing TargetActivationDirection; Missing UnitsOfMeasure; Missing CommonTerminal; Missing NormallyOpenTerminal; Missing NormallyClosedTerminal; CommonTerminal must be a number; NormallyOpenTerminal must be a number; NormallyClosedTerminal must be a number
SPS01662-02,475,incomplete_ptp_core_fields,Missing ActivationTarget; Missing IncreasingLowerLimit; Missing IncreasingUpperLimit; Missing DecreasingLowerLimit; Missing DecreasingUpperLimit; Missing ResetBandLowerLimit; Missing ResetBandUpperLimit; Missing TargetActivationDirection; Missing UnitsOfMeasure; Missing CommonTerminal; Missing NormallyOpenTerminal; Missing NormallyClosedTerminal; CommonTerminal must be a number; NormallyOpenTerminal must be a number; NormallyClosedTerminal must be a number
SPS01664-02,475,incomplete_ptp_core_fields,Missing ActivationTarget; Missing IncreasingLowerLimit; Missing IncreasingUpperLimit; Missing DecreasingLowerLimit; Missing DecreasingUpperLimit; Missing ResetBandLowerLimit; Missing ResetBandUpperLimit; Missing TargetActivationDirection; Missing UnitsOfMeasure; Missing CommonTerminal; Missing NormallyOpenTerminal; Missing NormallyClosedTerminal; CommonTerminal must be a number; NormallyOpenTerminal must be a number; NormallyClosedTerminal must be a number
SPS01666-03,300,invalid_no_nc_same_terminal,port_a: NormallyOpenTerminal and NormallyClosedTerminal must be different; port_b: NormallyOpenTerminal and NormallyClosedTerminal must be different
SPS01669-03,475,incomplete_ptp_core_fields,Missing ActivationTarget; Missing IncreasingLowerLimit; Missing IncreasingUpperLimit; Missing DecreasingLowerLimit; Missing DecreasingUpperLimit; Missing ResetBandLowerLimit; Missing ResetBandUpperLimit; Missing TargetActivationDirection; Missing UnitsOfMeasure; Missing CommonTerminal; Missing NormallyOpenTerminal; Missing NormallyClosedTerminal; CommonTerminal must be a number; NormallyOpenTerminal must be a number; NormallyClosedTerminal must be a number
SPS01691-02,475,incomplete_ptp_core_fields,Missing ActivationTarget; Missing IncreasingLowerLimit; Missing IncreasingUpperLimit; Missing DecreasingLowerLimit; Missing DecreasingUpperLimit; Missing ResetBandLowerLimit; Missing ResetBandUpperLimit; Missing TargetActivationDirection; Missing UnitsOfMeasure; Missing CommonTerminal; Missing NormallyOpenTerminal; Missing NormallyClosedTerminal; CommonTerminal must be a number; NormallyOpenTerminal must be a number; NormallyClosedTerminal must be a number
SPS01711-03,475,incomplete_ptp_core_fields,Missing ActivationTarget; Missing IncreasingLowerLimit; Missing IncreasingUpperLimit; Missing DecreasingLowerLimit; Missing DecreasingUpperLimit; Missing ResetBandLowerLimit; Missing ResetBandUpperLimit; Missing TargetActivationDirection; Missing UnitsOfMeasure; Missing CommonTerminal; Missing NormallyOpenTerminal; Missing NormallyClosedTerminal; CommonTerminal must be a number; NormallyOpenTerminal must be a number; NormallyClosedTerminal must be a number
SPS01722-02,475,incomplete_ptp_core_fields,Missing ActivationTarget; Missing IncreasingLowerLimit; Missing IncreasingUpperLimit; Missing DecreasingLowerLimit; Missing DecreasingUpperLimit; Missing ResetBandLowerLimit; Missing ResetBandUpperLimit; Missing TargetActivationDirection; Missing UnitsOfMeasure; Missing CommonTerminal; Missing NormallyOpenTerminal; Missing NormallyClosedTerminal; CommonTerminal must be a number; NormallyOpenTerminal must be a number; NormallyClosedTerminal must be a number
SPS01727-02,475,incomplete_ptp_core_fields,Missing ActivationTarget; Missing IncreasingLowerLimit; Missing IncreasingUpperLimit; Missing DecreasingLowerLimit; Missing DecreasingUpperLimit; Missing ResetBandLowerLimit; Missing ResetBandUpperLimit; Missing TargetActivationDirection; Missing UnitsOfMeasure; Missing CommonTerminal; Missing NormallyOpenTerminal; Missing NormallyClosedTerminal; CommonTerminal must be a number; NormallyOpenTerminal must be a number; NormallyClosedTerminal must be a number
SPS01729-02,475,incomplete_ptp_core_fields,Missing ActivationTarget; Missing IncreasingLowerLimit; Missing IncreasingUpperLimit; Missing DecreasingLowerLimit; Missing DecreasingUpperLimit; Missing ResetBandLowerLimit; Missing ResetBandUpperLimit; Missing TargetActivationDirection; Missing UnitsOfMeasure; Missing CommonTerminal; Missing NormallyOpenTerminal; Missing NormallyClosedTerminal; CommonTerminal must be a number; NormallyOpenTerminal must be a number; NormallyClosedTerminal must be a number
SPS01741-02,475,incomplete_ptp_core_fields,Missing ActivationTarget; Missing IncreasingLowerLimit; Missing IncreasingUpperLimit; Missing DecreasingLowerLimit; Missing DecreasingUpperLimit; Missing ResetBandLowerLimit; Missing ResetBandUpperLimit; Missing TargetActivationDirection; Missing UnitsOfMeasure; Missing CommonTerminal; Missing NormallyOpenTerminal; Missing NormallyClosedTerminal; CommonTerminal must be a number; NormallyOpenTerminal must be a number; NormallyClosedTerminal must be a number
SPS01743-02,475,incomplete_ptp_core_fields,Missing ActivationTarget; Missing IncreasingLowerLimit; Missing IncreasingUpperLimit; Missing DecreasingLowerLimit; Missing DecreasingUpperLimit; Missing ResetBandLowerLimit; Missing ResetBandUpperLimit; Missing TargetActivationDirection; Missing UnitsOfMeasure; Missing CommonTerminal; Missing NormallyOpenTerminal; Missing NormallyClosedTerminal; CommonTerminal must be a number; NormallyOpenTerminal must be a number; NormallyClosedTerminal must be a number
SPS01760-02,475,incomplete_ptp_core_fields,Missing ActivationTarget; Missing IncreasingLowerLimit; Missing IncreasingUpperLimit; Missing DecreasingLowerLimit; Missing DecreasingUpperLimit; Missing ResetBandLowerLimit; Missing ResetBandUpperLimit; Missing TargetActivationDirection; Missing UnitsOfMeasure; Missing CommonTerminal; Missing NormallyOpenTerminal; Missing NormallyClosedTerminal; CommonTerminal must be a number; NormallyOpenTerminal must be a number; NormallyClosedTerminal must be a number
SPS01771-02,475,incomplete_ptp_core_fields,Missing ActivationTarget; Missing IncreasingLowerLimit; Missing IncreasingUpperLimit; Missing DecreasingLowerLimit; Missing DecreasingUpperLimit; Missing ResetBandLowerLimit; Missing ResetBandUpperLimit; Missing TargetActivationDirection; Missing UnitsOfMeasure; Missing CommonTerminal; Missing NormallyOpenTerminal; Missing NormallyClosedTerminal; CommonTerminal must be a number; NormallyOpenTerminal must be a number; NormallyClosedTerminal must be a number
SPS01773-02,475,incomplete_ptp_core_fields,Missing ActivationTarget; Missing IncreasingLowerLimit; Missing IncreasingUpperLimit; Missing DecreasingLowerLimit; Missing DecreasingUpperLimit; Missing ResetBandLowerLimit; Missing ResetBandUpperLimit; Missing TargetActivationDirection; Missing UnitsOfMeasure; Missing CommonTerminal; Missing NormallyOpenTerminal; Missing NormallyClosedTerminal; CommonTerminal must be a number; NormallyOpenTerminal must be a number; NormallyClosedTerminal must be a number
SPS01775-02,475,incomplete_ptp_core_fields,Missing ActivationTarget; Missing IncreasingLowerLimit; Missing IncreasingUpperLimit; Missing DecreasingLowerLimit; Missing DecreasingUpperLimit; Missing ResetBandLowerLimit; Missing ResetBandUpperLimit; Missing TargetActivationDirection; Missing UnitsOfMeasure; Missing CommonTerminal; Missing NormallyOpenTerminal; Missing NormallyClosedTerminal; CommonTerminal must be a number; NormallyOpenTerminal must be a number; NormallyClosedTerminal must be a number
SPS01776-03,475,incomplete_ptp_core_fields,Missing ActivationTarget; Missing IncreasingLowerLimit; Missing IncreasingUpperLimit; Missing DecreasingLowerLimit; Missing DecreasingUpperLimit; Missing ResetBandLowerLimit; Missing ResetBandUpperLimit; Missing TargetActivationDirection; Missing UnitsOfMeasure; Missing CommonTerminal; Missing NormallyOpenTerminal; Missing NormallyClosedTerminal; CommonTerminal must be a number; NormallyOpenTerminal must be a number; NormallyClosedTerminal must be a number
SPS01777-02,475,incomplete_ptp_core_fields,Missing ActivationTarget; Missing IncreasingLowerLimit; Missing IncreasingUpperLimit; Missing DecreasingLowerLimit; Missing DecreasingUpperLimit; Missing ResetBandLowerLimit; Missing ResetBandUpperLimit; Missing TargetActivationDirection; Missing UnitsOfMeasure; Missing CommonTerminal; Missing NormallyOpenTerminal; Missing NormallyClosedTerminal; CommonTerminal must be a number; NormallyOpenTerminal must be a number; NormallyClosedTerminal must be a number
SPS01778-02,475,incomplete_ptp_core_fields,Missing ActivationTarget; Missing IncreasingLowerLimit; Missing IncreasingUpperLimit; Missing DecreasingLowerLimit; Missing DecreasingUpperLimit; Missing ResetBandLowerLimit; Missing ResetBandUpperLimit; Missing TargetActivationDirection; Missing UnitsOfMeasure; Missing CommonTerminal; Missing NormallyOpenTerminal; Missing NormallyClosedTerminal; CommonTerminal must be a number; NormallyOpenTerminal must be a number; NormallyClosedTerminal must be a number
SPS01786-02,475,incomplete_ptp_core_fields,Missing ActivationTarget; Missing IncreasingLowerLimit; Missing IncreasingUpperLimit; Missing DecreasingLowerLimit; Missing DecreasingUpperLimit; Missing ResetBandLowerLimit; Missing ResetBandUpperLimit; Missing TargetActivationDirection; Missing UnitsOfMeasure; Missing CommonTerminal; Missing NormallyOpenTerminal; Missing NormallyClosedTerminal; CommonTerminal must be a number; NormallyOpenTerminal must be a number; NormallyClosedTerminal must be a number
SPS01789-02,475,incomplete_ptp_core_fields,Missing ActivationTarget; Missing IncreasingLowerLimit; Missing IncreasingUpperLimit; Missing DecreasingLowerLimit; Missing DecreasingUpperLimit; Missing ResetBandLowerLimit; Missing ResetBandUpperLimit; Missing TargetActivationDirection; Missing UnitsOfMeasure; Missing CommonTerminal; Missing NormallyOpenTerminal; Missing NormallyClosedTerminal; CommonTerminal must be a number; NormallyOpenTerminal must be a number; NormallyClosedTerminal must be a number
SPS01790-02,475,incomplete_ptp_core_fields,Missing ActivationTarget; Missing IncreasingLowerLimit; Missing IncreasingUpperLimit; Missing DecreasingLowerLimit; Missing DecreasingUpperLimit; Missing ResetBandLowerLimit; Missing ResetBandUpperLimit; Missing TargetActivationDirection; Missing UnitsOfMeasure; Missing CommonTerminal; Missing NormallyOpenTerminal; Missing NormallyClosedTerminal; CommonTerminal must be a number; NormallyOpenTerminal must be a number; NormallyClosedTerminal must be a number
SPS01794-02,475,incomplete_ptp_core_fields,Missing ActivationTarget; Missing IncreasingLowerLimit; Missing IncreasingUpperLimit; Missing DecreasingLowerLimit; Missing DecreasingUpperLimit; Missing ResetBandLowerLimit; Missing ResetBandUpperLimit; Missing TargetActivationDirection; Missing UnitsOfMeasure; Missing CommonTerminal; Missing NormallyOpenTerminal; Missing NormallyClosedTerminal; CommonTerminal must be a number; NormallyOpenTerminal must be a number; NormallyClosedTerminal must be a number
SPS01801-02,300,terminals_not_observable_on_single_sense_stand,"port_a: PTP NO/NC terminals are not observable on this stand (COM=5, NO=4, NC=6, sensed=[3]); port_b: PTP NO/NC terminals are not observable on this stand (COM=5, NO=4, NC=6, sensed=[3])"
SPS01801-02,475,incomplete_ptp_core_fields,Missing ActivationTarget; Missing IncreasingLowerLimit; Missing IncreasingUpperLimit; Missing DecreasingLowerLimit; Missing DecreasingUpperLimit; Missing ResetBandLowerLimit; Missing ResetBandUpperLimit; Missing TargetActivationDirection; Missing UnitsOfMeasure; Missing CommonTerminal; Missing NormallyOpenTerminal; Missing NormallyClosedTerminal; CommonTerminal must be a number; NormallyOpenTerminal must be a number; NormallyClosedTerminal must be a number
SPS01801-02,600,terminals_not_observable_on_single_sense_stand,"port_a: PTP NO/NC terminals are not observable on this stand (COM=5, NO=6, NC=4, sensed=[3]); port_b: PTP NO/NC terminals are not observable on this stand (COM=5, NO=6, NC=4, sensed=[3])"
SPS01802-02,300,terminals_not_observable_on_single_sense_stand,"port_a: PTP NO/NC terminals are not observable on this stand (COM=7, NO=2, NC=None, sensed=[3]); port_b: PTP NO/NC terminals are not observable on this stand (COM=7, NO=2, NC=None, sensed=[3])"
SPS01802-02,475,incomplete_ptp_core_fields,Missing ActivationTarget; Missing IncreasingLowerLimit; Missing IncreasingUpperLimit; Missing DecreasingLowerLimit; Missing DecreasingUpperLimit; Missing ResetBandLowerLimit; Missing ResetBandUpperLimit; Missing TargetActivationDirection; Missing UnitsOfMeasure; Missing CommonTerminal; Missing NormallyOpenTerminal; Missing NormallyClosedTerminal; CommonTerminal must be a number; NormallyOpenTerminal must be a number; NormallyClosedTerminal must be a number
SPS01802-02,600,terminals_not_observable_on_single_sense_stand,"port_a: PTP NO/NC terminals are not observable on this stand (COM=7, NO=2, NC=None, sensed=[3]); port_b: PTP NO/NC terminals are not observable on this stand (COM=7, NO=2, NC=None, sensed=[3])"
SPS01803-03,300,terminals_not_observable_on_single_sense_stand,"port_a: PTP NO/NC terminals are not observable on this stand (COM=5, NO=4, NC=6, sensed=[3]); port_b: PTP NO/NC terminals are not observable on this stand (COM=5, NO=4, NC=6, sensed=[3])"
SPS01803-03,475,incomplete_ptp_core_fields,Missing ActivationTarget; Missing IncreasingLowerLimit; Missing IncreasingUpperLimit; Missing DecreasingLowerLimit; Missing DecreasingUpperLimit; Missing ResetBandLowerLimit; Missing ResetBandUpperLimit; Missing TargetActivationDirection; Missing UnitsOfMeasure; Missing CommonTerminal; Missing NormallyOpenTerminal; Missing NormallyClosedTerminal; CommonTerminal must be a number; NormallyOpenTerminal must be a number; NormallyClosedTerminal must be a number
SPS01803-03,600,terminals_not_observable_on_single_sense_stand,"port_a: PTP NO/NC terminals are not observable on this stand (COM=5, NO=6, NC=4, sensed=[3]); port_b: PTP NO/NC terminals are not observable on this stand (COM=5, NO=6, NC=4, sensed=[3])"
SPS01804-02,300,terminals_not_observable_on_single_sense_stand,"port_a: PTP NO/NC terminals are not observable on this stand (COM=1, NO=None, NC=2, sensed=[3]); port_b: PTP NO/NC terminals are not observable on this stand (COM=1, NO=None, NC=2, sensed=[3])"
SPS01804-02,475,incomplete_ptp_core_fields,Missing ActivationTarget; Missing IncreasingLowerLimit; Missing IncreasingUpperLimit; Missing DecreasingLowerLimit; Missing DecreasingUpperLimit; Missing ResetBandLowerLimit; Missing ResetBandUpperLimit; Missing TargetActivationDirection; Missing UnitsOfMeasure; Missing CommonTerminal; Missing NormallyOpenTerminal; Missing NormallyClosedTerminal; CommonTerminal must be a number; NormallyOpenTerminal must be a number; NormallyClosedTerminal must be a number
SPS01804-02,600,terminals_not_observable_on_single_sense_stand,"port_a: PTP NO/NC terminals are not observable on this stand (COM=1, NO=2, NC=None, sensed=[3]); port_b: PTP NO/NC terminals are not observable on this stand (COM=1, NO=2, NC=None, sensed=[3])"
SPS01818-02,275,incomplete_ptp_core_fields,Missing ActivationTarget; Missing IncreasingLowerLimit; Missing IncreasingUpperLimit; Missing DecreasingLowerLimit; Missing DecreasingUpperLimit; Missing ResetBandLowerLimit; Missing ResetBandUpperLimit; Missing TargetActivationDirection; Missing UnitsOfMeasure; Missing CommonTerminal; Missing NormallyOpenTerminal; Missing NormallyClosedTerminal; CommonTerminal must be a number; NormallyOpenTerminal must be a number; NormallyClosedTerminal must be a number
SPS01818-02,475,incomplete_ptp_core_fields,Missing ActivationTarget; Missing IncreasingLowerLimit; Missing IncreasingUpperLimit; Missing DecreasingLowerLimit; Missing DecreasingUpperLimit; Missing ResetBandLowerLimit; Missing ResetBandUpperLimit; Missing TargetActivationDirection; Missing UnitsOfMeasure; Missing CommonTerminal; Missing NormallyOpenTerminal; Missing NormallyClosedTerminal; CommonTerminal must be a number; NormallyOpenTerminal must be a number; NormallyClosedTerminal must be a number
SPS01821-02,475,incomplete_ptp_core_fields,Missing ActivationTarget; Missing IncreasingLowerLimit; Missing IncreasingUpperLimit; Missing DecreasingLowerLimit; Missing DecreasingUpperLimit; Missing ResetBandLowerLimit; Missing ResetBandUpperLimit; Missing TargetActivationDirection; Missing UnitsOfMeasure; Missing CommonTerminal; Missing NormallyOpenTerminal; Missing NormallyClosedTerminal; CommonTerminal must be a number; NormallyOpenTerminal must be a number; NormallyClosedTerminal must be a number
SPS01823-02,475,incomplete_ptp_core_fields,Missing ActivationTarget; Missing IncreasingLowerLimit; Missing IncreasingUpperLimit; Missing DecreasingLowerLimit; Missing DecreasingUpperLimit; Missing ResetBandLowerLimit; Missing ResetBandUpperLimit; Missing TargetActivationDirection; Missing UnitsOfMeasure; Missing CommonTerminal; Missing NormallyOpenTerminal; Missing NormallyClosedTerminal; CommonTerminal must be a number; NormallyOpenTerminal must be a number; NormallyClosedTerminal must be a number
SPS01825-02,475,incomplete_ptp_core_fields,Missing ActivationTarget; Missing IncreasingLowerLimit; Missing IncreasingUpperLimit; Missing DecreasingLowerLimit; Missing DecreasingUpperLimit; Missing ResetBandLowerLimit; Missing ResetBandUpperLimit; Missing TargetActivationDirection; Missing UnitsOfMeasure; Missing CommonTerminal; Missing NormallyOpenTerminal; Missing NormallyClosedTerminal; CommonTerminal must be a number; NormallyOpenTerminal must be a number; NormallyClosedTerminal must be a number
SPS01827-02,475,incomplete_ptp_core_fields,Missing ActivationTarget; Missing IncreasingLowerLimit; Missing IncreasingUpperLimit; Missing DecreasingLowerLimit; Missing DecreasingUpperLimit; Missing ResetBandLowerLimit; Missing ResetBandUpperLimit; Missing TargetActivationDirection; Missing UnitsOfMeasure; Missing CommonTerminal; Missing NormallyOpenTerminal; Missing NormallyClosedTerminal; CommonTerminal must be a number; NormallyOpenTerminal must be a number; NormallyClosedTerminal must be a number
SPS01833-02,300,terminals_not_observable_on_single_sense_stand,"port_a: PTP NO/NC terminals are not observable on this stand (COM=1, NO=None, NC=2, sensed=[3]); port_b: PTP NO/NC terminals are not observable on this stand (COM=1, NO=None, NC=2, sensed=[3])"
SPS01833-02,475,incomplete_ptp_core_fields,Missing ActivationTarget; Missing IncreasingLowerLimit; Missing IncreasingUpperLimit; Missing DecreasingLowerLimit; Missing DecreasingUpperLimit; Missing ResetBandLowerLimit; Missing ResetBandUpperLimit; Missing TargetActivationDirection; Missing UnitsOfMeasure; Missing CommonTerminal; Missing NormallyOpenTerminal; Missing NormallyClosedTerminal; CommonTerminal must be a number; NormallyOpenTerminal must be a number; NormallyClosedTerminal must be a number
SPS01833-02,600,terminals_not_observable_on_single_sense_stand,"port_a: PTP NO/NC terminals are not observable on this stand (COM=1, NO=2, NC=None, sensed=[3]); port_b: PTP NO/NC terminals are not observable on this stand (COM=1, NO=2, NC=None, sensed=[3])"
SPS01837-02,300,terminals_not_observable_on_single_sense_stand,"port_a: PTP NO/NC terminals are not observable on this stand (COM=6, NO=1, NC=8, sensed=[3]); port_b: PTP NO/NC terminals are not observable on this stand (COM=6, NO=1, NC=8, sensed=[3])"
SPS01837-02,475,incomplete_ptp_core_fields,Missing ActivationTarget; Missing IncreasingLowerLimit; Missing IncreasingUpperLimit; Missing DecreasingLowerLimit; Missing DecreasingUpperLimit; Missing ResetBandLowerLimit; Missing ResetBandUpperLimit; Missing TargetActivationDirection; Missing UnitsOfMeasure; Missing CommonTerminal; Missing NormallyOpenTerminal; Missing NormallyClosedTerminal; CommonTerminal must be a number; NormallyOpenTerminal must be a number; NormallyClosedTerminal must be a number
SPS01837-02,600,terminals_not_observable_on_single_sense_stand,"port_a: PTP NO/NC terminals are not observable on this stand (COM=6, NO=8, NC=1, sensed=[3]); port_b: PTP NO/NC terminals are not observable on this stand (COM=6, NO=8, NC=1, sensed=[3])"
SPS01875-02,475,incomplete_ptp_core_fields,Missing ActivationTarget; Missing IncreasingLowerLimit; Missing IncreasingUpperLimit; Missing DecreasingLowerLimit; Missing DecreasingUpperLimit; Missing ResetBandLowerLimit; Missing ResetBandUpperLimit; Missing TargetActivationDirection; Missing UnitsOfMeasure; Missing CommonTerminal; Missing NormallyOpenTerminal; Missing NormallyClosedTerminal; CommonTerminal must be a number; NormallyOpenTerminal must be a number; NormallyClosedTerminal must be a number
SPS01897-02,475,incomplete_ptp_core_fields,Missing ActivationTarget; Missing IncreasingLowerLimit; Missing IncreasingUpperLimit; Missing DecreasingLowerLimit; Missing DecreasingUpperLimit; Missing ResetBandLowerLimit; Missing ResetBandUpperLimit; Missing TargetActivationDirection; Missing UnitsOfMeasure; Missing CommonTerminal; Missing NormallyOpenTerminal; Missing NormallyClosedTerminal; CommonTerminal must be a number; NormallyOpenTerminal must be a number; NormallyClosedTerminal must be a number
SPS01911-02,475,incomplete_ptp_core_fields,Missing ActivationTarget; Missing IncreasingLowerLimit; Missing IncreasingUpperLimit; Missing DecreasingLowerLimit; Missing DecreasingUpperLimit; Missing ResetBandLowerLimit; Missing ResetBandUpperLimit; Missing TargetActivationDirection; Missing UnitsOfMeasure; Missing CommonTerminal; Missing NormallyOpenTerminal; Missing NormallyClosedTerminal; CommonTerminal must be a number; NormallyOpenTerminal must be a number; NormallyClosedTerminal must be a number
SPS01911-03,300,other_validation_error,port_a: CommonTerminal must be a DB9 pin from 1 to 9; port_a: At least one of NormallyOpenTerminal or NormallyClosedTerminal must be connected; port_b: CommonTerminal must be a DB9 pin from 1 to 9; port_b: At least one of NormallyOpenTerminal or NormallyClosedTerminal must be connected
SPS01911-03,475,incomplete_ptp_core_fields,Missing ActivationTarget; Missing IncreasingLowerLimit; Missing IncreasingUpperLimit; Missing DecreasingLowerLimit; Missing DecreasingUpperLimit; Missing ResetBandLowerLimit; Missing ResetBandUpperLimit; Missing TargetActivationDirection; Missing UnitsOfMeasure; Missing CommonTerminal; Missing NormallyOpenTerminal; Missing NormallyClosedTerminal; CommonTerminal must be a number; NormallyOpenTerminal must be a number; NormallyClosedTerminal must be a number
SPS01911-03,600,other_validation_error,port_a: CommonTerminal must be a DB9 pin from 1 to 9; port_a: At least one of NormallyOpenTerminal or NormallyClosedTerminal must be connected; port_b: CommonTerminal must be a DB9 pin from 1 to 9; port_b: At least one of NormallyOpenTerminal or NormallyClosedTerminal must be connected
SPS01918-02,475,incomplete_ptp_core_fields,Missing ActivationTarget; Missing IncreasingLowerLimit; Missing IncreasingUpperLimit; Missing DecreasingLowerLimit; Missing DecreasingUpperLimit; Missing ResetBandLowerLimit; Missing ResetBandUpperLimit; Missing TargetActivationDirection; Missing UnitsOfMeasure; Missing CommonTerminal; Missing NormallyOpenTerminal; Missing NormallyClosedTerminal; CommonTerminal must be a number; NormallyOpenTerminal must be a number; NormallyClosedTerminal must be a number
SPS01937-02,300,terminals_not_observable_on_single_sense_stand,"port_a: PTP NO/NC terminals are not observable on this stand (COM=1, NO=None, NC=2, sensed=[3]); port_b: PTP NO/NC terminals are not observable on this stand (COM=1, NO=None, NC=2, sensed=[3])"
SPS01937-02,475,incomplete_ptp_core_fields,Missing ActivationTarget; Missing IncreasingLowerLimit; Missing IncreasingUpperLimit; Missing DecreasingLowerLimit; Missing DecreasingUpperLimit; Missing ResetBandLowerLimit; Missing ResetBandUpperLimit; Missing TargetActivationDirection; Missing UnitsOfMeasure; Missing CommonTerminal; Missing NormallyOpenTerminal; Missing NormallyClosedTerminal; CommonTerminal must be a number; NormallyOpenTerminal must be a number; NormallyClosedTerminal must be a number
SPS01937-02,600,invalid_activation_direction,TargetActivationDirection must be Increasing or Decreasing
SPS01943-02,475,incomplete_ptp_core_fields,Missing ActivationTarget; Missing IncreasingLowerLimit; Missing IncreasingUpperLimit; Missing DecreasingLowerLimit; Missing DecreasingUpperLimit; Missing ResetBandLowerLimit; Missing ResetBandUpperLimit; Missing TargetActivationDirection; Missing UnitsOfMeasure; Missing CommonTerminal; Missing NormallyOpenTerminal; Missing NormallyClosedTerminal; CommonTerminal must be a number; NormallyOpenTerminal must be a number; NormallyClosedTerminal must be a number
SPS01944-02,475,incomplete_ptp_core_fields,Missing ActivationTarget; Missing IncreasingLowerLimit; Missing IncreasingUpperLimit; Missing DecreasingLowerLimit; Missing DecreasingUpperLimit; Missing ResetBandLowerLimit; Missing ResetBandUpperLimit; Missing TargetActivationDirection; Missing UnitsOfMeasure; Missing CommonTerminal; Missing NormallyOpenTerminal; Missing NormallyClosedTerminal; CommonTerminal must be a number; NormallyOpenTerminal must be a number; NormallyClosedTerminal must be a number
SPS01945-02,300,terminals_not_observable_on_single_sense_stand,"port_a: PTP NO/NC terminals are not observable on this stand (COM=1, NO=None, NC=2, sensed=[3]); port_b: PTP NO/NC terminals are not observable on this stand (COM=1, NO=None, NC=2, sensed=[3])"
SPS01945-02,475,incomplete_ptp_core_fields,Missing ActivationTarget; Missing IncreasingLowerLimit; Missing IncreasingUpperLimit; Missing DecreasingLowerLimit; Missing DecreasingUpperLimit; Missing ResetBandLowerLimit; Missing ResetBandUpperLimit; Missing TargetActivationDirection; Missing UnitsOfMeasure; Missing CommonTerminal; Missing NormallyOpenTerminal; Missing NormallyClosedTerminal; CommonTerminal must be a number; NormallyOpenTerminal must be a number; NormallyClosedTerminal must be a number
SPS01945-02,600,terminals_not_observable_on_single_sense_stand,"port_a: PTP NO/NC terminals are not observable on this stand (COM=1, NO=2, NC=None, sensed=[3]); port_b: PTP NO/NC terminals are not observable on this stand (COM=1, NO=2, NC=None, sensed=[3])"
SPS01980-02,475,incomplete_ptp_core_fields,Missing ActivationTarget; Missing IncreasingLowerLimit; Missing IncreasingUpperLimit; Missing DecreasingLowerLimit; Missing DecreasingUpperLimit; Missing ResetBandLowerLimit; Missing ResetBandUpperLimit; Missing TargetActivationDirection; Missing UnitsOfMeasure; Missing CommonTerminal; Missing NormallyOpenTerminal; Missing NormallyClosedTerminal; CommonTerminal must be a number; NormallyOpenTerminal must be a number; NormallyClosedTerminal must be a number
SPS01996-02,475,incomplete_ptp_core_fields,Missing ActivationTarget; Missing IncreasingLowerLimit; Missing IncreasingUpperLimit; Missing DecreasingLowerLimit; Missing DecreasingUpperLimit; Missing ResetBandLowerLimit; Missing ResetBandUpperLimit; Missing TargetActivationDirection; Missing UnitsOfMeasure; Missing CommonTerminal; Missing NormallyOpenTerminal; Missing NormallyClosedTerminal; CommonTerminal must be a number; NormallyOpenTerminal must be a number; NormallyClosedTerminal must be a number
SPS01999-02,300,terminals_not_observable_on_single_sense_stand,"port_a: PTP NO/NC terminals are not observable on this stand (COM=6, NO=None, NC=1, sensed=[3]); port_b: PTP NO/NC terminals are not observable on this stand (COM=6, NO=None, NC=1, sensed=[3])"
SPS01999-02,475,incomplete_ptp_core_fields,Missing ActivationTarget; Missing IncreasingLowerLimit; Missing IncreasingUpperLimit; Missing DecreasingLowerLimit; Missing DecreasingUpperLimit; Missing ResetBandLowerLimit; Missing ResetBandUpperLimit; Missing TargetActivationDirection; Missing UnitsOfMeasure; Missing CommonTerminal; Missing NormallyOpenTerminal; Missing NormallyClosedTerminal; CommonTerminal must be a number; NormallyOpenTerminal must be a number; NormallyClosedTerminal must be a number
SPS01999-02,600,terminals_not_observable_on_single_sense_stand,"port_a: PTP NO/NC terminals are not observable on this stand (COM=6, NO=1, NC=None, sensed=[3]); port_b: PTP NO/NC terminals are not observable on this stand (COM=6, NO=1, NC=None, sensed=[3])"
SPS02004-02,475,incomplete_ptp_core_fields,Missing ActivationTarget; Missing IncreasingLowerLimit; Missing IncreasingUpperLimit; Missing DecreasingLowerLimit; Missing DecreasingUpperLimit; Missing ResetBandLowerLimit; Missing ResetBandUpperLimit; Missing TargetActivationDirection; Missing UnitsOfMeasure; Missing CommonTerminal; Missing NormallyOpenTerminal; Missing NormallyClosedTerminal; CommonTerminal must be a number; NormallyOpenTerminal must be a number; NormallyClosedTerminal must be a number
SPS02017-03,100,incomplete_ptp_core_fields,Missing ActivationTarget; Missing IncreasingLowerLimit; Missing IncreasingUpperLimit; Missing DecreasingLowerLimit; Missing DecreasingUpperLimit; Missing ResetBandLowerLimit; Missing ResetBandUpperLimit; Missing TargetActivationDirection; Missing UnitsOfMeasure; Missing CommonTerminal; Missing NormallyOpenTerminal; Missing NormallyClosedTerminal; CommonTerminal must be a number; NormallyOpenTerminal must be a number; NormallyClosedTerminal must be a number
SPS02017-03,300,terminals_not_observable_on_single_sense_stand,"port_a: PTP NO/NC terminals are not observable on this stand (COM=5, NO=4, NC=None, sensed=[3]); port_b: PTP NO/NC terminals are not observable on this stand (COM=5, NO=4, NC=None, sensed=[3])"
SPS02017-03,475,incomplete_ptp_core_fields,Missing ActivationTarget; Missing IncreasingLowerLimit; Missing IncreasingUpperLimit; Missing DecreasingLowerLimit; Missing DecreasingUpperLimit; Missing ResetBandLowerLimit; Missing ResetBandUpperLimit; Missing TargetActivationDirection; Missing UnitsOfMeasure; Missing CommonTerminal; Missing NormallyOpenTerminal; Missing NormallyClosedTerminal; CommonTerminal must be a number; NormallyOpenTerminal must be a number; NormallyClosedTerminal must be a number
SPS02017-03,600,terminals_not_observable_on_single_sense_stand,"port_a: PTP NO/NC terminals are not observable on this stand (COM=5, NO=None, NC=4, sensed=[3]); port_b: PTP NO/NC terminals are not observable on this stand (COM=5, NO=None, NC=4, sensed=[3])"
SPS02019-02,100,incomplete_ptp_core_fields,Missing ActivationTarget; Missing IncreasingLowerLimit; Missing IncreasingUpperLimit; Missing DecreasingLowerLimit; Missing DecreasingUpperLimit; Missing ResetBandLowerLimit; Missing ResetBandUpperLimit; Missing TargetActivationDirection; Missing UnitsOfMeasure; Missing CommonTerminal; Missing NormallyOpenTerminal; Missing NormallyClosedTerminal; CommonTerminal must be a number; NormallyOpenTerminal must be a number; NormallyClosedTerminal must be a number
SPS02019-02,475,incomplete_ptp_core_fields,Missing ActivationTarget; Missing IncreasingLowerLimit; Missing IncreasingUpperLimit; Missing DecreasingLowerLimit; Missing DecreasingUpperLimit; Missing ResetBandLowerLimit; Missing ResetBandUpperLimit; Missing TargetActivationDirection; Missing UnitsOfMeasure; Missing CommonTerminal; Missing NormallyOpenTerminal; Missing NormallyClosedTerminal; CommonTerminal must be a number; NormallyOpenTerminal must be a number; NormallyClosedTerminal must be a number
SPS02028-02,100,incomplete_ptp_core_fields,Missing ActivationTarget; Missing IncreasingLowerLimit; Missing IncreasingUpperLimit; Missing DecreasingLowerLimit; Missing DecreasingUpperLimit; Missing ResetBandLowerLimit; Missing ResetBandUpperLimit; Missing TargetActivationDirection; Missing UnitsOfMeasure; Missing CommonTerminal; Missing NormallyOpenTerminal; Missing NormallyClosedTerminal; CommonTerminal must be a number; NormallyOpenTerminal must be a number; NormallyClosedTerminal must be a number
SPS02028-02,300,terminals_not_observable_on_single_sense_stand,"port_a: PTP NO/NC terminals are not observable on this stand (COM=4, NO=None, NC=1, sensed=[3]); port_b: PTP NO/NC terminals are not observable on this stand (COM=4, NO=None, NC=1, sensed=[3])"
SPS02028-02,475,incomplete_ptp_core_fields,Missing ActivationTarget; Missing IncreasingLowerLimit; Missing IncreasingUpperLimit; Missing DecreasingLowerLimit; Missing DecreasingUpperLimit; Missing ResetBandLowerLimit; Missing ResetBandUpperLimit; Missing TargetActivationDirection; Missing UnitsOfMeasure; Missing CommonTerminal; Missing NormallyOpenTerminal; Missing NormallyClosedTerminal; CommonTerminal must be a number; NormallyOpenTerminal must be a number; NormallyClosedTerminal must be a number
SPS02028-02,600,terminals_not_observable_on_single_sense_stand,"port_a: PTP NO/NC terminals are not observable on this stand (COM=4, NO=1, NC=None, sensed=[3]); port_b: PTP NO/NC terminals are not observable on this stand (COM=4, NO=1, NC=None, sensed=[3])"
SPS02028-02,650,missing_activation_or_direction,Missing ActivationTarget; Missing TargetActivationDirection; Decreasing band lower limit exceeds upper limit
SPS02031-02,100,incomplete_ptp_core_fields,Missing ActivationTarget; Missing IncreasingLowerLimit; Missing IncreasingUpperLimit; Missing DecreasingLowerLimit; Missing DecreasingUpperLimit; Missing ResetBandLowerLimit; Missing ResetBandUpperLimit; Missing TargetActivationDirection; Missing UnitsOfMeasure; Missing CommonTerminal; Missing NormallyOpenTerminal; Missing NormallyClosedTerminal; CommonTerminal must be a number; NormallyOpenTerminal must be a number; NormallyClosedTerminal must be a number
SPS02031-02,300,terminals_not_observable_on_single_sense_stand,"port_a: PTP NO/NC terminals are not observable on this stand (COM=1, NO=None, NC=6, sensed=[3]); port_b: PTP NO/NC terminals are not observable on this stand (COM=1, NO=None, NC=6, sensed=[3])"
SPS02031-02,475,incomplete_ptp_core_fields,Missing ActivationTarget; Missing IncreasingLowerLimit; Missing IncreasingUpperLimit; Missing DecreasingLowerLimit; Missing DecreasingUpperLimit; Missing ResetBandLowerLimit; Missing ResetBandUpperLimit; Missing TargetActivationDirection; Missing UnitsOfMeasure; Missing CommonTerminal; Missing NormallyOpenTerminal; Missing NormallyClosedTerminal; CommonTerminal must be a number; NormallyOpenTerminal must be a number; NormallyClosedTerminal must be a number
SPS02031-02,600,terminals_not_observable_on_single_sense_stand,"port_a: PTP NO/NC terminals are not observable on this stand (COM=1, NO=6, NC=None, sensed=[3]); port_b: PTP NO/NC terminals are not observable on this stand (COM=1, NO=6, NC=None, sensed=[3])"
SPS02035-03,475,incomplete_ptp_core_fields,Missing ActivationTarget; Missing IncreasingLowerLimit; Missing IncreasingUpperLimit; Missing DecreasingLowerLimit; Missing DecreasingUpperLimit; Missing ResetBandLowerLimit; Missing ResetBandUpperLimit; Missing TargetActivationDirection; Missing UnitsOfMeasure; Missing CommonTerminal; Missing NormallyOpenTerminal; Missing NormallyClosedTerminal; CommonTerminal must be a number; NormallyOpenTerminal must be a number; NormallyClosedTerminal must be a number
SPS02038-02,475,incomplete_ptp_core_fields,Missing ActivationTarget; Missing IncreasingLowerLimit; Missing IncreasingUpperLimit; Missing DecreasingLowerLimit; Missing DecreasingUpperLimit; Missing ResetBandLowerLimit; Missing ResetBandUpperLimit; Missing TargetActivationDirection; Missing UnitsOfMeasure; Missing CommonTerminal; Missing NormallyOpenTerminal; Missing NormallyClosedTerminal; CommonTerminal must be a number; NormallyOpenTerminal must be a number; NormallyClosedTerminal must be a number
SPS02049-02,475,incomplete_ptp_core_fields,Missing ActivationTarget; Missing IncreasingLowerLimit; Missing IncreasingUpperLimit; Missing DecreasingLowerLimit; Missing DecreasingUpperLimit; Missing ResetBandLowerLimit; Missing ResetBandUpperLimit; Missing TargetActivationDirection; Missing UnitsOfMeasure; Missing CommonTerminal; Missing NormallyOpenTerminal; Missing NormallyClosedTerminal; CommonTerminal must be a number; NormallyOpenTerminal must be a number; NormallyClosedTerminal must be a number
SPS02058-02,475,incomplete_ptp_core_fields,Missing ActivationTarget; Missing IncreasingLowerLimit; Missing IncreasingUpperLimit; Missing DecreasingLowerLimit; Missing DecreasingUpperLimit; Missing ResetBandLowerLimit; Missing ResetBandUpperLimit; Missing TargetActivationDirection; Missing UnitsOfMeasure; Missing CommonTerminal; Missing NormallyOpenTerminal; Missing NormallyClosedTerminal; CommonTerminal must be a number; NormallyOpenTerminal must be a number; NormallyClosedTerminal must be a number
SPS02063-02,475,incomplete_ptp_core_fields,Missing ActivationTarget; Missing IncreasingLowerLimit; Missing IncreasingUpperLimit; Missing DecreasingLowerLimit; Missing DecreasingUpperLimit; Missing ResetBandLowerLimit; Missing ResetBandUpperLimit; Missing TargetActivationDirection; Missing UnitsOfMeasure; Missing CommonTerminal; Missing NormallyOpenTerminal; Missing NormallyClosedTerminal; CommonTerminal must be a number; NormallyOpenTerminal must be a number; NormallyClosedTerminal must be a number
SPS02072-02,475,incomplete_ptp_core_fields,Missing ActivationTarget; Missing IncreasingLowerLimit; Missing IncreasingUpperLimit; Missing DecreasingLowerLimit; Missing DecreasingUpperLimit; Missing ResetBandLowerLimit; Missing ResetBandUpperLimit; Missing TargetActivationDirection; Missing UnitsOfMeasure; Missing CommonTerminal; Missing NormallyOpenTerminal; Missing NormallyClosedTerminal; CommonTerminal must be a number; NormallyOpenTerminal must be a number; NormallyClosedTerminal must be a number
SPS02079-03,475,incomplete_ptp_core_fields,Missing ActivationTarget; Missing IncreasingLowerLimit; Missing IncreasingUpperLimit; Missing DecreasingLowerLimit; Missing DecreasingUpperLimit; Missing ResetBandLowerLimit; Missing ResetBandUpperLimit; Missing TargetActivationDirection; Missing UnitsOfMeasure; Missing CommonTerminal; Missing NormallyOpenTerminal; Missing NormallyClosedTerminal; CommonTerminal must be a number; NormallyOpenTerminal must be a number; NormallyClosedTerminal must be a number
SPS02081-02,475,incomplete_ptp_core_fields,Missing ActivationTarget; Missing IncreasingLowerLimit; Missing IncreasingUpperLimit; Missing DecreasingLowerLimit; Missing DecreasingUpperLimit; Missing ResetBandLowerLimit; Missing ResetBandUpperLimit; Missing TargetActivationDirection; Missing UnitsOfMeasure; Missing CommonTerminal; Missing NormallyOpenTerminal; Missing NormallyClosedTerminal; CommonTerminal must be a number; NormallyOpenTerminal must be a number; NormallyClosedTerminal must be a number
SPS02083-02,475,incomplete_ptp_core_fields,Missing ActivationTarget; Missing IncreasingLowerLimit; Missing IncreasingUpperLimit; Missing DecreasingLowerLimit; Missing DecreasingUpperLimit; Missing ResetBandLowerLimit; Missing ResetBandUpperLimit; Missing TargetActivationDirection; Missing UnitsOfMeasure; Missing CommonTerminal; Missing NormallyOpenTerminal; Missing NormallyClosedTerminal; CommonTerminal must be a number; NormallyOpenTerminal must be a number; NormallyClosedTerminal must be a number
SPS02091-02,475,incomplete_ptp_core_fields,Missing ActivationTarget; Missing IncreasingLowerLimit; Missing IncreasingUpperLimit; Missing DecreasingLowerLimit; Missing DecreasingUpperLimit; Missing ResetBandLowerLimit; Missing ResetBandUpperLimit; Missing TargetActivationDirection; Missing UnitsOfMeasure; Missing CommonTerminal; Missing NormallyOpenTerminal; Missing NormallyClosedTerminal; CommonTerminal must be a number; NormallyOpenTerminal must be a number; NormallyClosedTerminal must be a number
SPS02093-03,475,incomplete_ptp_core_fields,Missing ActivationTarget; Missing IncreasingLowerLimit; Missing IncreasingUpperLimit; Missing DecreasingLowerLimit; Missing DecreasingUpperLimit; Missing ResetBandLowerLimit; Missing ResetBandUpperLimit; Missing TargetActivationDirection; Missing UnitsOfMeasure; Missing CommonTerminal; Missing NormallyOpenTerminal; Missing NormallyClosedTerminal; CommonTerminal must be a number; NormallyOpenTerminal must be a number; NormallyClosedTerminal must be a number
SPS02120-02,300,terminals_not_observable_on_single_sense_stand,"port_a: PTP NO/NC terminals are not observable on this stand (COM=6, NO=None, NC=1, sensed=[3]); port_b: PTP NO/NC terminals are not observable on this stand (COM=6, NO=None, NC=1, sensed=[3])"
SPS02120-02,475,incomplete_ptp_core_fields,Missing ActivationTarget; Missing IncreasingLowerLimit; Missing IncreasingUpperLimit; Missing DecreasingLowerLimit; Missing DecreasingUpperLimit; Missing ResetBandLowerLimit; Missing ResetBandUpperLimit; Missing TargetActivationDirection; Missing UnitsOfMeasure; Missing CommonTerminal; Missing NormallyOpenTerminal; Missing NormallyClosedTerminal; CommonTerminal must be a number; NormallyOpenTerminal must be a number; NormallyClosedTerminal must be a number
SPS02120-02,600,terminals_not_observable_on_single_sense_stand,"port_a: PTP NO/NC terminals are not observable on this stand (COM=6, NO=1, NC=None, sensed=[3]); port_b: PTP NO/NC terminals are not observable on this stand (COM=6, NO=1, NC=None, sensed=[3])"
SPS02122-02,100,incomplete_ptp_core_fields,Missing ActivationTarget; Missing IncreasingLowerLimit; Missing IncreasingUpperLimit; Missing DecreasingLowerLimit; Missing DecreasingUpperLimit; Missing ResetBandLowerLimit; Missing ResetBandUpperLimit; Missing TargetActivationDirection; Missing UnitsOfMeasure; Missing CommonTerminal; Missing NormallyOpenTerminal; Missing NormallyClosedTerminal; CommonTerminal must be a number; NormallyOpenTerminal must be a number; NormallyClosedTerminal must be a number
SPS02122-02,475,incomplete_ptp_core_fields,Missing ActivationTarget; Missing IncreasingLowerLimit; Missing IncreasingUpperLimit; Missing DecreasingLowerLimit; Missing DecreasingUpperLimit; Missing ResetBandLowerLimit; Missing ResetBandUpperLimit; Missing TargetActivationDirection; Missing UnitsOfMeasure; Missing CommonTerminal; Missing NormallyOpenTerminal; Missing NormallyClosedTerminal; CommonTerminal must be a number; NormallyOpenTerminal must be a number; NormallyClosedTerminal must be a number
SPS02128-02,475,incomplete_ptp_core_fields,Missing ActivationTarget; Missing IncreasingLowerLimit; Missing IncreasingUpperLimit; Missing DecreasingLowerLimit; Missing DecreasingUpperLimit; Missing ResetBandLowerLimit; Missing ResetBandUpperLimit; Missing TargetActivationDirection; Missing UnitsOfMeasure; Missing CommonTerminal; Missing NormallyOpenTerminal; Missing NormallyClosedTerminal; CommonTerminal must be a number; NormallyOpenTerminal must be a number; NormallyClosedTerminal must be a number
SPS02128-06,475,incomplete_ptp_core_fields,Missing ActivationTarget; Missing IncreasingLowerLimit; Missing IncreasingUpperLimit; Missing DecreasingLowerLimit; Missing DecreasingUpperLimit; Missing ResetBandLowerLimit; Missing ResetBandUpperLimit; Missing TargetActivationDirection; Missing UnitsOfMeasure; Missing CommonTerminal; Missing NormallyOpenTerminal; Missing NormallyClosedTerminal; CommonTerminal must be a number; NormallyOpenTerminal must be a number; NormallyClosedTerminal must be a number
SPS02130,300,terminals_not_observable_on_single_sense_stand,"port_a: PTP NO/NC terminals are not observable on this stand (COM=4, NO=1, NC=None, sensed=[3]); port_b: PTP NO/NC terminals are not observable on this stand (COM=4, NO=1, NC=None, sensed=[3])"
SPS02130,475,incomplete_ptp_core_fields,Missing ActivationTarget; Missing IncreasingLowerLimit; Missing IncreasingUpperLimit; Missing DecreasingLowerLimit; Missing DecreasingUpperLimit; Missing ResetBandLowerLimit; Missing ResetBandUpperLimit; Missing TargetActivationDirection; Missing UnitsOfMeasure; Missing CommonTerminal; Missing NormallyOpenTerminal; Missing NormallyClosedTerminal; CommonTerminal must be a number; NormallyOpenTerminal must be a number; NormallyClosedTerminal must be a number
SPS02130,600,terminals_not_observable_on_single_sense_stand,"port_a: PTP NO/NC terminals are not observable on this stand (COM=4, NO=None, NC=1, sensed=[3]); port_b: PTP NO/NC terminals are not observable on this stand (COM=4, NO=None, NC=1, sensed=[3])"
SPS02130-02,100,incomplete_ptp_core_fields,Missing ActivationTarget; Missing IncreasingLowerLimit; Missing IncreasingUpperLimit; Missing DecreasingLowerLimit; Missing DecreasingUpperLimit; Missing ResetBandLowerLimit; Missing ResetBandUpperLimit; Missing TargetActivationDirection; Missing UnitsOfMeasure; Missing CommonTerminal; Missing NormallyOpenTerminal; Missing NormallyClosedTerminal; CommonTerminal must be a number; NormallyOpenTerminal must be a number; NormallyClosedTerminal must be a number
SPS02130-02,300,terminals_not_observable_on_single_sense_stand,"port_a: PTP NO/NC terminals are not observable on this stand (COM=4, NO=None, NC=1, sensed=[3]); port_b: PTP NO/NC terminals are not observable on this stand (COM=4, NO=None, NC=1, sensed=[3])"
SPS02130-02,475,incomplete_ptp_core_fields,Missing ActivationTarget; Missing IncreasingLowerLimit; Missing IncreasingUpperLimit; Missing DecreasingLowerLimit; Missing DecreasingUpperLimit; Missing ResetBandLowerLimit; Missing ResetBandUpperLimit; Missing TargetActivationDirection; Missing UnitsOfMeasure; Missing CommonTerminal; Missing NormallyOpenTerminal; Missing NormallyClosedTerminal; CommonTerminal must be a number; NormallyOpenTerminal must be a number; NormallyClosedTerminal must be a number
SPS02130-02,600,terminals_not_observable_on_single_sense_stand,"port_a: PTP NO/NC terminals are not observable on this stand (COM=4, NO=1, NC=None, sensed=[3]); port_b: PTP NO/NC terminals are not observable on this stand (COM=4, NO=1, NC=None, sensed=[3])"
SPS02190-03,100,incomplete_ptp_core_fields,Missing ActivationTarget; Missing IncreasingLowerLimit; Missing IncreasingUpperLimit; Missing DecreasingLowerLimit; Missing DecreasingUpperLimit; Missing ResetBandLowerLimit; Missing ResetBandUpperLimit; Missing TargetActivationDirection; Missing UnitsOfMeasure; Missing CommonTerminal; Missing NormallyOpenTerminal; Missing NormallyClosedTerminal; CommonTerminal must be a number; NormallyOpenTerminal must be a number; NormallyClosedTerminal must be a number
SPS02190-03,300,terminals_not_observable_on_single_sense_stand,"port_a: PTP NO/NC terminals are not observable on this stand (COM=1, NO=2, NC=None, sensed=[3]); port_b: PTP NO/NC terminals are not observable on this stand (COM=1, NO=2, NC=None, sensed=[3])"
SPS02190-03,475,incomplete_ptp_core_fields,Missing ActivationTarget; Missing IncreasingLowerLimit; Missing IncreasingUpperLimit; Missing DecreasingLowerLimit; Missing DecreasingUpperLimit; Missing ResetBandLowerLimit; Missing ResetBandUpperLimit; Missing TargetActivationDirection; Missing UnitsOfMeasure; Missing CommonTerminal; Missing NormallyOpenTerminal; Missing NormallyClosedTerminal; CommonTerminal must be a number; NormallyOpenTerminal must be a number; NormallyClosedTerminal must be a number
SPS02190-03,600,terminals_not_observable_on_single_sense_stand,"port_a: PTP NO/NC terminals are not observable on this stand (COM=1, NO=None, NC=2, sensed=[3]); port_b: PTP NO/NC terminals are not observable on this stand (COM=1, NO=None, NC=2, sensed=[3])"
SPS02191-03,100,incomplete_ptp_core_fields,Missing ActivationTarget; Missing IncreasingLowerLimit; Missing IncreasingUpperLimit; Missing DecreasingLowerLimit; Missing DecreasingUpperLimit; Missing ResetBandLowerLimit; Missing ResetBandUpperLimit; Missing TargetActivationDirection; Missing UnitsOfMeasure; Missing CommonTerminal; Missing NormallyOpenTerminal; Missing NormallyClosedTerminal; CommonTerminal must be a number; NormallyOpenTerminal must be a number; NormallyClosedTerminal must be a number
SPS02191-03,300,terminals_not_observable_on_single_sense_stand,"port_a: PTP NO/NC terminals are not observable on this stand (COM=2, NO=4, NC=None, sensed=[3]); port_b: PTP NO/NC terminals are not observable on this stand (COM=2, NO=4, NC=None, sensed=[3])"
SPS02191-03,475,incomplete_ptp_core_fields,Missing ActivationTarget; Missing IncreasingLowerLimit; Missing IncreasingUpperLimit; Missing DecreasingLowerLimit; Missing DecreasingUpperLimit; Missing ResetBandLowerLimit; Missing ResetBandUpperLimit; Missing TargetActivationDirection; Missing UnitsOfMeasure; Missing CommonTerminal; Missing NormallyOpenTerminal; Missing NormallyClosedTerminal; CommonTerminal must be a number; NormallyOpenTerminal must be a number; NormallyClosedTerminal must be a number
SPS02191-03,600,terminals_not_observable_on_single_sense_stand,"port_a: PTP NO/NC terminals are not observable on this stand (COM=2, NO=None, NC=4, sensed=[3]); port_b: PTP NO/NC terminals are not observable on this stand (COM=2, NO=None, NC=4, sensed=[3])"
SPS02192-03,100,incomplete_ptp_core_fields,Missing ActivationTarget; Missing IncreasingLowerLimit; Missing IncreasingUpperLimit; Missing DecreasingLowerLimit; Missing DecreasingUpperLimit; Missing ResetBandLowerLimit; Missing ResetBandUpperLimit; Missing TargetActivationDirection; Missing UnitsOfMeasure; Missing CommonTerminal; Missing NormallyOpenTerminal; Missing NormallyClosedTerminal; CommonTerminal must be a number; NormallyOpenTerminal must be a number; NormallyClosedTerminal must be a number
SPS02192-03,475,incomplete_ptp_core_fields,Missing ActivationTarget; Missing IncreasingLowerLimit; Missing IncreasingUpperLimit; Missing DecreasingLowerLimit; Missing DecreasingUpperLimit; Missing ResetBandLowerLimit; Missing ResetBandUpperLimit; Missing TargetActivationDirection; Missing UnitsOfMeasure; Missing CommonTerminal; Missing NormallyOpenTerminal; Missing NormallyClosedTerminal; CommonTerminal must be a number; NormallyOpenTerminal must be a number; NormallyClosedTerminal must be a number
SPS02193-03,100,incomplete_ptp_core_fields,Missing ActivationTarget; Missing IncreasingLowerLimit; Missing IncreasingUpperLimit; Missing DecreasingLowerLimit; Missing DecreasingUpperLimit; Missing ResetBandLowerLimit; Missing ResetBandUpperLimit; Missing TargetActivationDirection; Missing UnitsOfMeasure; Missing CommonTerminal; Missing NormallyOpenTerminal; Missing NormallyClosedTerminal; CommonTerminal must be a number; NormallyOpenTerminal must be a number; NormallyClosedTerminal must be a number
SPS02193-03,300,terminals_not_observable_on_single_sense_stand,"port_a: PTP NO/NC terminals are not observable on this stand (COM=4, NO=6, NC=None, sensed=[3]); port_b: PTP NO/NC terminals are not observable on this stand (COM=4, NO=6, NC=None, sensed=[3])"
SPS02193-03,475,incomplete_ptp_core_fields,Missing ActivationTarget; Missing IncreasingLowerLimit; Missing IncreasingUpperLimit; Missing DecreasingLowerLimit; Missing DecreasingUpperLimit; Missing ResetBandLowerLimit; Missing ResetBandUpperLimit; Missing TargetActivationDirection; Missing UnitsOfMeasure; Missing CommonTerminal; Missing NormallyOpenTerminal; Missing NormallyClosedTerminal; CommonTerminal must be a number; NormallyOpenTerminal must be a number; NormallyClosedTerminal must be a number
SPS02193-03,600,terminals_not_observable_on_single_sense_stand,"port_a: PTP NO/NC terminals are not observable on this stand (COM=4, NO=None, NC=6, sensed=[3]); port_b: PTP NO/NC terminals are not observable on this stand (COM=4, NO=None, NC=6, sensed=[3])"
SPS02194-03,100,incomplete_ptp_core_fields,Missing ActivationTarget; Missing IncreasingLowerLimit; Missing IncreasingUpperLimit; Missing DecreasingLowerLimit; Missing DecreasingUpperLimit; Missing ResetBandLowerLimit; Missing ResetBandUpperLimit; Missing TargetActivationDirection; Missing UnitsOfMeasure; Missing CommonTerminal; Missing NormallyOpenTerminal; Missing NormallyClosedTerminal; CommonTerminal must be a number; NormallyOpenTerminal must be a number; NormallyClosedTerminal must be a number
SPS02194-03,300,terminals_not_observable_on_single_sense_stand,"port_a: PTP NO/NC terminals are not observable on this stand (COM=5, NO=7, NC=None, sensed=[3]); port_b: PTP NO/NC terminals are not observable on this stand (COM=5, NO=7, NC=None, sensed=[3])"
SPS02194-03,475,incomplete_ptp_core_fields,Missing ActivationTarget; Missing IncreasingLowerLimit; Missing IncreasingUpperLimit; Missing DecreasingLowerLimit; Missing DecreasingUpperLimit; Missing ResetBandLowerLimit; Missing ResetBandUpperLimit; Missing TargetActivationDirection; Missing UnitsOfMeasure; Missing CommonTerminal; Missing NormallyOpenTerminal; Missing NormallyClosedTerminal; CommonTerminal must be a number; NormallyOpenTerminal must be a number; NormallyClosedTerminal must be a number
SPS02194-03,600,terminals_not_observable_on_single_sense_stand,"port_a: PTP NO/NC terminals are not observable on this stand (COM=5, NO=None, NC=7, sensed=[3]); port_b: PTP NO/NC terminals are not observable on this stand (COM=5, NO=None, NC=7, sensed=[3])"
SPS02206-03,475,incomplete_ptp_core_fields,Missing ActivationTarget; Missing IncreasingLowerLimit; Missing IncreasingUpperLimit; Missing DecreasingLowerLimit; Missing DecreasingUpperLimit; Missing ResetBandLowerLimit; Missing ResetBandUpperLimit; Missing TargetActivationDirection; Missing UnitsOfMeasure; Missing CommonTerminal; Missing NormallyOpenTerminal; Missing NormallyClosedTerminal; CommonTerminal must be a number; NormallyOpenTerminal must be a number; NormallyClosedTerminal must be a number
SPS02209-02,475,incomplete_ptp_core_fields,Missing ActivationTarget; Missing IncreasingLowerLimit; Missing IncreasingUpperLimit; Missing DecreasingLowerLimit; Missing DecreasingUpperLimit; Missing ResetBandLowerLimit; Missing ResetBandUpperLimit; Missing TargetActivationDirection; Missing UnitsOfMeasure; Missing CommonTerminal; Missing NormallyOpenTerminal; Missing NormallyClosedTerminal; CommonTerminal must be a number; NormallyOpenTerminal must be a number; NormallyClosedTerminal must be a number
SPS02216-02,475,incomplete_ptp_core_fields,Missing ActivationTarget; Missing IncreasingLowerLimit; Missing IncreasingUpperLimit; Missing DecreasingLowerLimit; Missing DecreasingUpperLimit; Missing ResetBandLowerLimit; Missing ResetBandUpperLimit; Missing TargetActivationDirection; Missing UnitsOfMeasure; Missing CommonTerminal; Missing NormallyOpenTerminal; Missing NormallyClosedTerminal; CommonTerminal must be a number; NormallyOpenTerminal must be a number; NormallyClosedTerminal must be a number
SPS02246-03,475,incomplete_ptp_core_fields,Missing ActivationTarget; Missing IncreasingLowerLimit; Missing IncreasingUpperLimit; Missing DecreasingLowerLimit; Missing DecreasingUpperLimit; Missing ResetBandLowerLimit; Missing ResetBandUpperLimit; Missing TargetActivationDirection; Missing UnitsOfMeasure; Missing CommonTerminal; Missing NormallyOpenTerminal; Missing NormallyClosedTerminal; CommonTerminal must be a number; NormallyOpenTerminal must be a number; NormallyClosedTerminal must be a number
SPS02262-02,300,terminals_not_observable_on_single_sense_stand,"port_a: PTP NO/NC terminals are not observable on this stand (COM=5, NO=4, NC=6, sensed=[3]); port_b: PTP NO/NC terminals are not observable on this stand (COM=5, NO=4, NC=6, sensed=[3])"
SPS02262-02,475,incomplete_ptp_core_fields,Missing ActivationTarget; Missing IncreasingLowerLimit; Missing IncreasingUpperLimit; Missing DecreasingLowerLimit; Missing DecreasingUpperLimit; Missing ResetBandLowerLimit; Missing ResetBandUpperLimit; Missing TargetActivationDirection; Missing UnitsOfMeasure; Missing CommonTerminal; Missing NormallyOpenTerminal; Missing NormallyClosedTerminal; CommonTerminal must be a number; NormallyOpenTerminal must be a number; NormallyClosedTerminal must be a number
SPS02262-02,600,terminals_not_observable_on_single_sense_stand,"port_a: PTP NO/NC terminals are not observable on this stand (COM=5, NO=6, NC=4, sensed=[3]); port_b: PTP NO/NC terminals are not observable on this stand (COM=5, NO=6, NC=4, sensed=[3])"
SPS02267-02,475,incomplete_ptp_core_fields,Missing ActivationTarget; Missing IncreasingLowerLimit; Missing IncreasingUpperLimit; Missing DecreasingLowerLimit; Missing DecreasingUpperLimit; Missing ResetBandLowerLimit; Missing ResetBandUpperLimit; Missing TargetActivationDirection; Missing UnitsOfMeasure; Missing CommonTerminal; Missing NormallyOpenTerminal; Missing NormallyClosedTerminal; CommonTerminal must be a number; NormallyOpenTerminal must be a number; NormallyClosedTerminal must be a number
SPS02269-02,475,incomplete_ptp_core_fields,Missing ActivationTarget; Missing IncreasingLowerLimit; Missing IncreasingUpperLimit; Missing DecreasingLowerLimit; Missing DecreasingUpperLimit; Missing ResetBandLowerLimit; Missing ResetBandUpperLimit; Missing TargetActivationDirection; Missing UnitsOfMeasure; Missing CommonTerminal; Missing NormallyOpenTerminal; Missing NormallyClosedTerminal; CommonTerminal must be a number; NormallyOpenTerminal must be a number; NormallyClosedTerminal must be a number
SPS02272-02,100,incomplete_ptp_core_fields,Missing ActivationTarget; Missing IncreasingLowerLimit; Missing IncreasingUpperLimit; Missing DecreasingLowerLimit; Missing DecreasingUpperLimit; Missing ResetBandLowerLimit; Missing ResetBandUpperLimit; Missing TargetActivationDirection; Missing UnitsOfMeasure; Missing CommonTerminal; Missing NormallyOpenTerminal; Missing NormallyClosedTerminal; CommonTerminal must be a number; NormallyOpenTerminal must be a number; NormallyClosedTerminal must be a number
SPS02272-02,300,terminals_not_observable_on_single_sense_stand,"port_a: PTP NO/NC terminals are not observable on this stand (COM=2, NO=None, NC=1, sensed=[3]); port_b: PTP NO/NC terminals are not observable on this stand (COM=2, NO=None, NC=1, sensed=[3])"
SPS02272-02,475,incomplete_ptp_core_fields,Missing ActivationTarget; Missing IncreasingLowerLimit; Missing IncreasingUpperLimit; Missing DecreasingLowerLimit; Missing DecreasingUpperLimit; Missing ResetBandLowerLimit; Missing ResetBandUpperLimit; Missing TargetActivationDirection; Missing UnitsOfMeasure; Missing CommonTerminal; Missing NormallyOpenTerminal; Missing NormallyClosedTerminal; CommonTerminal must be a number; NormallyOpenTerminal must be a number; NormallyClosedTerminal must be a number
SPS02272-02,600,terminals_not_observable_on_single_sense_stand,"port_a: PTP NO/NC terminals are not observable on this stand (COM=2, NO=1, NC=None, sensed=[3]); port_b: PTP NO/NC terminals are not observable on this stand (COM=2, NO=1, NC=None, sensed=[3])"
SPS02278-02,475,incomplete_ptp_core_fields,Missing ActivationTarget; Missing IncreasingLowerLimit; Missing IncreasingUpperLimit; Missing DecreasingLowerLimit; Missing DecreasingUpperLimit; Missing ResetBandLowerLimit; Missing ResetBandUpperLimit; Missing TargetActivationDirection; Missing UnitsOfMeasure; Missing CommonTerminal; Missing NormallyOpenTerminal; Missing NormallyClosedTerminal; CommonTerminal must be a number; NormallyOpenTerminal must be a number; NormallyClosedTerminal must be a number
SPS02305-02,475,incomplete_ptp_core_fields,Missing ActivationTarget; Missing IncreasingLowerLimit; Missing IncreasingUpperLimit; Missing DecreasingLowerLimit; Missing DecreasingUpperLimit; Missing ResetBandLowerLimit; Missing ResetBandUpperLimit; Missing TargetActivationDirection; Missing UnitsOfMeasure; Missing CommonTerminal; Missing NormallyOpenTerminal; Missing NormallyClosedTerminal; CommonTerminal must be a number; NormallyOpenTerminal must be a number; NormallyClosedTerminal must be a number
SPS02307-02,475,incomplete_ptp_core_fields,Missing ActivationTarget; Missing IncreasingLowerLimit; Missing IncreasingUpperLimit; Missing DecreasingLowerLimit; Missing DecreasingUpperLimit; Missing ResetBandLowerLimit; Missing ResetBandUpperLimit; Missing TargetActivationDirection; Missing UnitsOfMeasure; Missing CommonTerminal; Missing NormallyOpenTerminal; Missing NormallyClosedTerminal; CommonTerminal must be a number; NormallyOpenTerminal must be a number; NormallyClosedTerminal must be a number
SPS02309-03,475,incomplete_ptp_core_fields,Missing ActivationTarget; Missing IncreasingLowerLimit; Missing IncreasingUpperLimit; Missing DecreasingLowerLimit; Missing DecreasingUpperLimit; Missing ResetBandLowerLimit; Missing ResetBandUpperLimit; Missing TargetActivationDirection; Missing UnitsOfMeasure; Missing CommonTerminal; Missing NormallyOpenTerminal; Missing NormallyClosedTerminal; CommonTerminal must be a number; NormallyOpenTerminal must be a number; NormallyClosedTerminal must be a number
SPS02314-02,475,incomplete_ptp_core_fields,Missing ActivationTarget; Missing IncreasingLowerLimit; Missing IncreasingUpperLimit; Missing DecreasingLowerLimit; Missing DecreasingUpperLimit; Missing ResetBandLowerLimit; Missing ResetBandUpperLimit; Missing TargetActivationDirection; Missing UnitsOfMeasure; Missing CommonTerminal; Missing NormallyOpenTerminal; Missing NormallyClosedTerminal; CommonTerminal must be a number; NormallyOpenTerminal must be a number; NormallyClosedTerminal must be a number
SPS02316-02,475,incomplete_ptp_core_fields,Missing ActivationTarget; Missing IncreasingLowerLimit; Missing IncreasingUpperLimit; Missing DecreasingLowerLimit; Missing DecreasingUpperLimit; Missing ResetBandLowerLimit; Missing ResetBandUpperLimit; Missing TargetActivationDirection; Missing UnitsOfMeasure; Missing CommonTerminal; Missing NormallyOpenTerminal; Missing NormallyClosedTerminal; CommonTerminal must be a number; NormallyOpenTerminal must be a number; NormallyClosedTerminal must be a number
SPS02319-02,475,incomplete_ptp_core_fields,Missing ActivationTarget; Missing IncreasingLowerLimit; Missing IncreasingUpperLimit; Missing DecreasingLowerLimit; Missing DecreasingUpperLimit; Missing ResetBandLowerLimit; Missing ResetBandUpperLimit; Missing TargetActivationDirection; Missing UnitsOfMeasure; Missing CommonTerminal; Missing NormallyOpenTerminal; Missing NormallyClosedTerminal; CommonTerminal must be a number; NormallyOpenTerminal must be a number; NormallyClosedTerminal must be a number
